-- MySQL dump 10.13  Distrib 5.7.15, for Linux (x86_64)
--
-- Host: localhost    Database: DB_HBMS_INNOVATOR
-- ------------------------------------------------------
-- Server version	5.7.13-0ubuntu0.16.04.2

/*!40101 SET @OLD_CHARACTER_SET_CLIENT=@@CHARACTER_SET_CLIENT */;
/*!40101 SET @OLD_CHARACTER_SET_RESULTS=@@CHARACTER_SET_RESULTS */;
/*!40101 SET @OLD_COLLATION_CONNECTION=@@COLLATION_CONNECTION */;
/*!40101 SET NAMES utf8 */;
/*!40103 SET @OLD_TIME_ZONE=@@TIME_ZONE */;
/*!40103 SET TIME_ZONE='+00:00' */;
/*!40014 SET @OLD_UNIQUE_CHECKS=@@UNIQUE_CHECKS, UNIQUE_CHECKS=0 */;
/*!40014 SET @OLD_FOREIGN_KEY_CHECKS=@@FOREIGN_KEY_CHECKS, FOREIGN_KEY_CHECKS=0 */;
/*!40101 SET @OLD_SQL_MODE=@@SQL_MODE, SQL_MODE='NO_AUTO_VALUE_ON_ZERO' */;
/*!40111 SET @OLD_SQL_NOTES=@@SQL_NOTES, SQL_NOTES=0 */;

--
-- Table structure for table `appeal`
--

DROP TABLE IF EXISTS `appeal`;
/*!40101 SET @saved_cs_client     = @@character_set_client */;
/*!40101 SET character_set_client = utf8 */;
CREATE TABLE `appeal` (
  `appealID` int(10) unsigned zerofill NOT NULL AUTO_INCREMENT,
  `appealTime` datetime DEFAULT '2000-01-01 00:00:00',
  `userID` varchar(10) DEFAULT NULL,
  `webMarketerID` varchar(10) DEFAULT NULL,
  `content` varchar(200) DEFAULT NULL,
  `appealState` tinyint(4) DEFAULT NULL,
  `orderID` int(11) unsigned zerofill DEFAULT NULL,
  PRIMARY KEY (`appealID`)
) ENGINE=MyISAM DEFAULT CHARSET=utf8;
/*!40101 SET character_set_client = @saved_cs_client */;

--
-- Dumping data for table `appeal`
--

LOCK TABLES `appeal` WRITE;
/*!40000 ALTER TABLE `appeal` DISABLE KEYS */;
/*!40000 ALTER TABLE `appeal` ENABLE KEYS */;
UNLOCK TABLES;

--
-- Table structure for table `commentinfo`
--

DROP TABLE IF EXISTS `commentinfo`;
/*!40101 SET @saved_cs_client     = @@character_set_client */;
/*!40101 SET character_set_client = utf8 */;
CREATE TABLE `commentinfo` (
  `commentID` int(10) unsigned zerofill NOT NULL AUTO_INCREMENT,
  `time` datetime NOT NULL DEFAULT CURRENT_TIMESTAMP ON UPDATE CURRENT_TIMESTAMP,
  `hotelID` int(10) unsigned zerofill NOT NULL,
  `score` int(11) NOT NULL,
  `comment` varchar(200) DEFAULT NULL,
  `picture1` varchar(50) DEFAULT NULL,
  `picture2` varchar(50) DEFAULT NULL,
  `picture3` varchar(50) DEFAULT NULL,
  PRIMARY KEY (`commentID`),
  KEY `hotelID_idx` (`hotelID`),
  CONSTRAINT `hotelID` FOREIGN KEY (`hotelID`) REFERENCES `hotel` (`hotelID`) ON DELETE CASCADE ON UPDATE CASCADE
) ENGINE=InnoDB DEFAULT CHARSET=utf8;
/*!40101 SET character_set_client = @saved_cs_client */;

--
-- Dumping data for table `commentinfo`
--

LOCK TABLES `commentinfo` WRITE;
/*!40000 ALTER TABLE `commentinfo` DISABLE KEYS */;
/*!40000 ALTER TABLE `commentinfo` ENABLE KEYS */;
UNLOCK TABLES;

--
-- Table structure for table `creditrecord`
--

DROP TABLE IF EXISTS `creditrecord`;
/*!40101 SET @saved_cs_client     = @@character_set_client */;
/*!40101 SET character_set_client = utf8 */;
CREATE TABLE `creditrecord` (
  `creditRecordID` int(10) unsigned zerofill NOT NULL AUTO_INCREMENT,
  `time` timestamp NOT NULL DEFAULT CURRENT_TIMESTAMP ON UPDATE CURRENT_TIMESTAMP,
  `userID` varchar(10) DEFAULT NULL,
  `changeType` tinyint(4) DEFAULT NULL,
  `reasonType` tinyint(4) DEFAULT NULL,
  `amount` bigint(20) DEFAULT NULL,
  PRIMARY KEY (`creditRecordID`)
) ENGINE=MyISAM DEFAULT CHARSET=utf8;
/*!40101 SET character_set_client = @saved_cs_client */;

--
-- Dumping data for table `creditrecord`
--

LOCK TABLES `creditrecord` WRITE;
/*!40000 ALTER TABLE `creditrecord` DISABLE KEYS */;
/*!40000 ALTER TABLE `creditrecord` ENABLE KEYS */;
UNLOCK TABLES;

--
-- Table structure for table `hotel`
--

DROP TABLE IF EXISTS `hotel`;
/*!40101 SET @saved_cs_client     = @@character_set_client */;
/*!40101 SET character_set_client = utf8 */;
CREATE TABLE `hotel` (
  `hotelID` int(10) unsigned zerofill NOT NULL AUTO_INCREMENT,
  `name` varchar(50) DEFAULT NULL,
  `address` varchar(50) DEFAULT NULL,
  `region` int(10) unsigned zerofill NOT NULL,
  `introduction` varchar(200) DEFAULT NULL,
  `star` tinyint(4) DEFAULT NULL,
  `environment1` varchar(50) DEFAULT NULL,
  `environment2` varchar(50) DEFAULT NULL,
  `environment3` varchar(50) DEFAULT NULL,
  `facility` varchar(200) DEFAULT NULL,
  `score` int(11) DEFAULT NULL,
  PRIMARY KEY (`hotelID`),
  KEY `region_idx` (`region`),
  KEY `region_idx2` (`region`),
  CONSTRAINT `region` FOREIGN KEY (`region`) REFERENCES `region` (`regionID`) ON DELETE CASCADE ON UPDATE CASCADE
) ENGINE=InnoDB AUTO_INCREMENT=139 DEFAULT CHARSET=utf8;
/*!40101 SET character_set_client = @saved_cs_client */;

--
-- Dumping data for table `hotel`
--

LOCK TABLES `hotel` WRITE;
/*!40000 ALTER TABLE `hotel` DISABLE KEYS */;
INSERT INTO `hotel` VALUES (0000000001,'如家连锁酒店','13 Nanjing Rd.',0000000001,'a very expensive hotel',3,'NOPIC','NOPIC','NOPIC','feel like living in your own home, but a little bit noisy',3),(0000000002,'７天连锁酒店','120 Nanjing Rd.',0000000001,'a very cheap hotel',3,'NOPIC','NOPIC','NOPIC','good enough, but a little bit noisy',4),(0000000003,'君悦大酒店','648 Nanjing Rd.',0000000001,'a holy-expensive hotel, built in 1900',5,'NOPIC','NOPIC','NOPIC','we call it royal, what else can you imagine?',5),(0000000004,'格林豪泰连锁酒店','1 Yunnan Rd.',0000000001,'a fundamentally equipped hotel, and the service is of standard',2,'NOPIC','NOPIC','NOPIC','basically equipped, standardized service provided',4),(0000000005,'７天连锁酒店','100 Tianyaoqiao Rd.',0000000002,'a secret garden hidden inside of the downcity',3,'NOPIC','NOPIC','NOPIC','environment is not good',2),(0000000006,'君悦大酒店','648 Tianyaoqiao Rd.',0000000002,'a holy-expensive hotel, built in 2016, symbolize the life of the rich',5,'NOPIC','NOPIC','NOPIC','everything is perfect except the traffic',4),(0000000007,'格林豪泰连锁酒店','123 S. Wanping Rd.',0000000002,'a very cheap chain hotel',3,'NOPIC','NOPIC','NOPIC','maybe the service here is better than other chains',4),(0000000008,'７天连锁酒店','120 Zhaojiabang Rd.',0000000002,'a very cheap hotel',3,'NOPIC','NOPIC','NOPIC','good enough, but a little bit noisy',4),(0000000009,'希尔顿酒店','6610 W. Nanjing Rd.',0000000003,'a holy-expensive hotel, never try without a moderate wallet',5,'NOPIC','NOPIC','NOPIC','maybe the most fantastic furnish in Shanghai',4),(0000000010,'汉庭连锁酒店','800 W. Nanjing Rd.',0000000003,'a very cheap chain hotel',2,'NOPIC','NOPIC','NOPIC','best choice for tourists from nearby cities',5),(0000000011,'７天连锁酒店','100 Tianyaoqiao Rd.',0000000004,'a secret garden hidden inside of the downcity',3,'NOPIC','NOPIC','NOPIC','environment is not good',2),(0000000012,'君悦大酒店','648 Tianyaoqiao Rd.',0000000004,'a holy-expensive hotel, built in 2016, symbolize the life of the rich',5,'NOPIC','NOPIC','NOPIC','everything is perfect except the traffic',4),(0000000013,'格林豪泰连锁酒店','123 S. Wanping Rd.',0000000004,'a very cheap chain hotel',3,'NOPIC','NOPIC','NOPIC','maybe the service here is better than other chains',4),(0000000014,'７天连锁酒店','120 Zhaojiabang Rd.',0000000004,'a very cheap hotel',3,'NOPIC','NOPIC','NOPIC','good enough, but a little bit noisy',4),(0000000015,'格林豪泰连锁酒店','100 Tianyaoqiao Rd.',0000000005,'a secret garden hidden inside of the downcity',3,'NOPIC','NOPIC','NOPIC','environment is not good',2),(0000000016,'君悦大酒店','648 Tianyaoqiao Rd.',0000000005,'a holy-expensive hotel, built in 2016, symbolize the life of the rich',5,'NOPIC','NOPIC','NOPIC','everything is perfect except the traffic',4),(0000000017,'速８连锁酒店','123 S. Wanping Rd.',0000000005,'a very cheap chain hotel',3,'NOPIC','NOPIC','NOPIC','maybe the service here is better than other chains',4),(0000000018,'７天连锁酒店','120 Zhaojiabang Rd.',0000000005,'a very cheap hotel',3,'NOPIC','NOPIC','NOPIC','good enough, but a little bit noisy',4),(0000000019,'速８连锁酒店','100 Tianyaoqiao Rd.',0000000006,'a secret garden hidden inside of the downcity',3,'NOPIC','NOPIC','NOPIC','environment is not good',2),(0000000020,'君悦大酒店','648 Tianyaoqiao Rd.',0000000006,'a holy-expensive hotel, built in 2016, symbolize the life of the rich',5,'NOPIC','NOPIC','NOPIC','everything is perfect except the traffic',4),(0000000021,'格林豪泰连锁酒店','123 S. Wanping Rd.',0000000006,'a very cheap chain hotel',3,'NOPIC','NOPIC','NOPIC','maybe the service here is better than other chains',4),(0000000022,'希尔顿酒店','120 Zhaojiabang Rd.',0000000006,'a very cheap hotel',3,'NOPIC','NOPIC','NOPIC','good enough, but a little bit noisy',4),(0000000023,'７天连锁酒店','100 Tianyaoqiao Rd.',0000000007,'a secret garden hidden inside of the downcity',3,'NOPIC','NOPIC','NOPIC','environment is not good',2),(0000000024,'希尔顿酒店','648 Tianyaoqiao Rd.',0000000007,'a holy-expensive hotel, built in 2016, symbolize the life of the rich',5,'NOPIC','NOPIC','NOPIC','everything is perfect except the traffic',4),(0000000025,'格林豪泰连锁酒店','123 S. Wanping Rd.',0000000007,'a very cheap chain hotel',3,'NOPIC','NOPIC','NOPIC','maybe the service here is better than other chains',4),(0000000026,'７天连锁酒店','120 Zhaojiabang Rd.',0000000007,'a very cheap hotel',3,'NOPIC','NOPIC','NOPIC','good enough, but a little bit noisy',5),(0000000027,'７天连锁酒店','100 Tianyaoqiao Rd.',0000000008,'a secret garden hidden inside of the downcity',3,'NOPIC','NOPIC','NOPIC','environment is not good',2),(0000000028,'君悦大酒店','648 Tianyaoqiao Rd.',0000000008,'a holy-expensive hotel, built in 2016, symbolize the life of the rich',5,'NOPIC','NOPIC','NOPIC','everything is perfect except the traffic',4),(0000000029,'速８连锁酒店','123 S. Wanping Rd.',0000000008,'a very cheap chain hotel',3,'NOPIC','NOPIC','NOPIC','maybe the service here is better than other chains',4),(0000000030,'希尔顿酒店','120 Zhaojiabang Rd.',0000000008,'a very cheap hotel',3,'NOPIC','NOPIC','NOPIC','good enough, but a little bit noisy',4),(0000000031,'７天连锁酒店','100 Tianyaoqiao Rd.',0000000009,'a secret garden hidden inside of the downcity',3,'NOPIC','NOPIC','NOPIC','environment is not good',2),(0000000032,'希尔顿酒店','648 Tianyaoqiao Rd.',0000000009,'a holy-expensive hotel, built in 2016, symbolize the life of the rich',5,'NOPIC','NOPIC','NOPIC','everything is perfect except the traffic',4),(0000000033,'格林豪泰连锁酒店','123 S. Wanping Rd.',0000000009,'a very cheap chain hotel',3,'NOPIC','NOPIC','NOPIC','maybe the service here is better than other chains',4),(0000000034,'７天连锁酒店','120 Zhaojiabang Rd.',0000000009,'a very cheap hotel',3,'NOPIC','NOPIC','NOPIC','good enough, but a little bit noisy',4),(0000000035,'７天连锁酒店','100 Tianyaoqiao Rd.',0000000010,'a secret garden hidden inside of the downcity',3,'NOPIC','NOPIC','NOPIC','environment is not good',2),(0000000036,'君悦大酒店','648 Tianyaoqiao Rd.',0000000010,'a holy-expensive hotel, built in 2016, symbolize the life of the rich',5,'NOPIC','NOPIC','NOPIC','everything is perfect except the traffic',4),(0000000037,'格林豪泰连锁酒店','123 S. Wanping Rd.',0000000010,'a very cheap chain hotel',3,'NOPIC','NOPIC','NOPIC','maybe the service here is better than other chains',4),(0000000038,'７天连锁酒店','120 Zhaojiabang Rd.',0000000010,'a very cheap hotel',3,'NOPIC','NOPIC','NOPIC','good enough, but a little bit noisy',5),(0000000039,'格林豪泰连锁酒店','100 Tianyaoqiao Rd.',0000000011,'a secret garden hidden inside of the downcity',3,'NOPIC','NOPIC','NOPIC','environment is not good',2),(0000000040,'君悦大酒店','648 Tianyaoqiao Rd.',0000000011,'a holy-expensive hotel, built in 2016, symbolize the life of the rich',5,'NOPIC','NOPIC','NOPIC','everything is perfect except the traffic',4),(0000000041,'速８连锁酒店','123 S. Wanping Rd.',0000000011,'a very cheap chain hotel',3,'NOPIC','NOPIC','NOPIC','maybe the service here is better than other chains',4),(0000000042,'７天连锁酒店','120 Zhaojiabang Rd.',0000000011,'a very cheap hotel',3,'NOPIC','NOPIC','NOPIC','good enough, but a little bit noisy',4),(0000000043,'速８连锁酒店','100 Tianyaoqiao Rd.',0000000012,'a secret garden hidden inside of the downcity',3,'NOPIC','NOPIC','NOPIC','environment is not good',5),(0000000044,'君悦大酒店','648 Tianyaoqiao Rd.',0000000012,'a holy-expensive hotel, built in 2016, symbolize the life of the rich',5,'NOPIC','NOPIC','NOPIC','everything is perfect except the traffic',4),(0000000045,'格林豪泰连锁酒店','123 S. Wanping Rd.',0000000012,'a very cheap chain hotel',3,'NOPIC','NOPIC','NOPIC','maybe the service here is better than other chains',4),(0000000046,'希尔顿酒店','120 Zhaojiabang Rd.',0000000012,'a very cheap hotel',3,'NOPIC','NOPIC','NOPIC','good enough, but a little bit noisy',4),(0000000047,'７天连锁酒店','100 Tianyaoqiao Rd.',0000000013,'a secret garden hidden inside of the downcity',3,'NOPIC','NOPIC','NOPIC','environment is not good',2),(0000000048,'希尔顿酒店','648 Tianyaoqiao Rd.',0000000013,'a holy-expensive hotel, built in 2016, symbolize the life of the rich',5,'NOPIC','NOPIC','NOPIC','everything is perfect except the traffic',4),(0000000049,'格林豪泰连锁酒店','123 S. Wanping Rd.',0000000013,'a very cheap chain hotel',3,'NOPIC','NOPIC','NOPIC','maybe the service here is better than other chains',5),(0000000050,'７天连锁酒店','120 Zhaojiabang Rd.',0000000013,'a very cheap hotel',3,'NOPIC','NOPIC','NOPIC','good enough, but a little bit noisy',4),(0000000051,'７天连锁酒店','100 Tianyaoqiao Rd.',0000000014,'a secret garden hidden inside of the downcity',3,'NOPIC','NOPIC','NOPIC','environment is not good',2),(0000000052,'君悦大酒店','648 Tianyaoqiao Rd.',0000000014,'a holy-expensive hotel, built in 2016, symbolize the life of the rich',5,'NOPIC','NOPIC','NOPIC','everything is perfect except the traffic',4),(0000000053,'速８连锁酒店','123 S. Wanping Rd.',0000000014,'a very cheap chain hotel',3,'NOPIC','NOPIC','NOPIC','maybe the service here is better than other chains',4),(0000000054,'希尔顿酒店','120 Zhaojiabang Rd.',0000000014,'a very cheap hotel',3,'NOPIC','NOPIC','NOPIC','good enough, but a little bit noisy',4),(0000000055,'７天连锁酒店','100 Tianyaoqiao Rd.',0000000015,'a secret garden hidden inside of the downcity',3,'NOPIC','NOPIC','NOPIC','environment is not good',2),(0000000056,'希尔顿酒店','648 Tianyaoqiao Rd.',0000000015,'a holy-expensive hotel, built in 2016, symbolize the life of the rich',5,'NOPIC','NOPIC','NOPIC','everything is perfect except the traffic',4),(0000000057,'格林豪泰连锁酒店','123 S. Wanping Rd.',0000000015,'a very cheap chain hotel',3,'NOPIC','NOPIC','NOPIC','maybe the service here is better than other chains',4),(0000000058,'７天连锁酒店','120 Zhaojiabang Rd.',0000000015,'a very cheap hotel',3,'NOPIC','NOPIC','NOPIC','good enough, but a little bit noisy',5),(0000000059,'７天连锁酒店','100 Tianyaoqiao Rd.',0000000016,'a secret garden hidden inside of the downcity',3,'NOPIC','NOPIC','NOPIC','environment is not good',2),(0000000060,'君悦大酒店','648 Tianyaoqiao Rd.',0000000016,'a holy-expensive hotel, built in 2016, symbolize the life of the rich',5,'NOPIC','NOPIC','NOPIC','everything is perfect except the traffic',4),(0000000061,'格林豪泰连锁酒店','123 S. Wanping Rd.',0000000016,'a very cheap chain hotel',3,'NOPIC','NOPIC','NOPIC','maybe the service here is better than other chains',4),(0000000062,'７天连锁酒店','120 Zhaojiabang Rd.',0000000016,'a very cheap hotel',3,'NOPIC','NOPIC','NOPIC','good enough, but a little bit noisy',4),(0000000063,'格林豪泰连锁酒店','100 Tianyaoqiao Rd.',0000000017,'a secret garden hidden inside of the downcity',3,'NOPIC','NOPIC','NOPIC','environment is not good',2),(0000000064,'君悦大酒店','648 Tianyaoqiao Rd.',0000000017,'a holy-expensive hotel, built in 2016, symbolize the life of the rich',5,'NOPIC','NOPIC','NOPIC','everything is perfect except the traffic',4),(0000000065,'速８连锁酒店','123 S. Wanping Rd.',0000000017,'a very cheap chain hotel',3,'NOPIC','NOPIC','NOPIC','maybe the service here is better than other chains',4),(0000000066,'７天连锁酒店','120 Zhaojiabang Rd.',0000000017,'a very cheap hotel',3,'NOPIC','NOPIC','NOPIC','good enough, but a little bit noisy',4),(0000000067,'速８连锁酒店','100 Tianyaoqiao Rd.',0000000018,'a secret garden hidden inside of the downcity',3,'NOPIC','NOPIC','NOPIC','environment is not good',2),(0000000068,'君悦大酒店','648 Tianyaoqiao Rd.',0000000018,'a holy-expensive hotel, built in 2016, symbolize the life of the rich',5,'NOPIC','NOPIC','NOPIC','everything is perfect except the traffic',4),(0000000069,'格林豪泰连锁酒店','123 S. Wanping Rd.',0000000018,'a very cheap chain hotel',3,'NOPIC','NOPIC','NOPIC','maybe the service here is better than other chains',4),(0000000070,'希尔顿酒店','120 Zhaojiabang Rd.',0000000018,'a very cheap hotel',3,'NOPIC','NOPIC','NOPIC','good enough, but a little bit noisy',4),(0000000071,'７天连锁酒店','100 Tianyaoqiao Rd.',0000000019,'a secret garden hidden inside of the downcity',3,'NOPIC','NOPIC','NOPIC','environment is not good',5),(0000000072,'希尔顿酒店','648 Tianyaoqiao Rd.',0000000019,'a holy-expensive hotel, built in 2016, symbolize the life of the rich',5,'NOPIC','NOPIC','NOPIC','everything is perfect except the traffic',4),(0000000073,'格林豪泰连锁酒店','123 S. Wanping Rd.',0000000019,'a very cheap chain hotel',3,'NOPIC','NOPIC','NOPIC','maybe the service here is better than other chains',4),(0000000074,'７天连锁酒店','120 Zhaojiabang Rd.',0000000019,'a very cheap hotel',3,'NOPIC','NOPIC','NOPIC','good enough, but a little bit noisy',4),(0000000075,'７天连锁酒店','100 Tianyaoqiao Rd.',0000000020,'a secret garden hidden inside of the downcity',3,'NOPIC','NOPIC','NOPIC','environment is not good',2),(0000000076,'君悦大酒店','648 Tianyaoqiao Rd.',0000000020,'a holy-expensive hotel, built in 2016, symbolize the life of the rich',5,'NOPIC','NOPIC','NOPIC','everything is perfect except the traffic',4),(0000000077,'速８连锁酒店','123 S. Wanping Rd.',0000000020,'a very cheap chain hotel',3,'NOPIC','NOPIC','NOPIC','maybe the service here is better than other chains',4),(0000000078,'希尔顿酒店','120 Zhaojiabang Rd.',0000000020,'a very cheap hotel',3,'NOPIC','NOPIC','NOPIC','good enough, but a little bit noisy',5),(0000000079,'７天连锁酒店','100 Tianyaoqiao Rd.',0000000021,'a secret garden hidden inside of the downcity',3,'NOPIC','NOPIC','NOPIC','environment is not good',2),(0000000080,'希尔顿酒店','648 Tianyaoqiao Rd.',0000000021,'a holy-expensive hotel, built in 2016, symbolize the life of the rich',5,'NOPIC','NOPIC','NOPIC','everything is perfect except the traffic',4),(0000000081,'格林豪泰连锁酒店','123 S. Wanping Rd.',0000000021,'a very cheap chain hotel',3,'NOPIC','NOPIC','NOPIC','maybe the service here is better than other chains',4),(0000000082,'７天连锁酒店','120 Zhaojiabang Rd.',0000000021,'a very cheap hotel',3,'NOPIC','NOPIC','NOPIC','good enough, but a little bit noisy',4),(0000000083,'７天连锁酒店','100 Tianyaoqiao Rd.',0000000022,'a secret garden hidden inside of the downcity',3,'NOPIC','NOPIC','NOPIC','environment is not good',2),(0000000084,'君悦大酒店','648 Tianyaoqiao Rd.',0000000022,'a holy-expensive hotel, built in 2016, symbolize the life of the rich',5,'NOPIC','NOPIC','NOPIC','everything is perfect except the traffic',4),(0000000085,'格林豪泰连锁酒店','123 S. Wanping Rd.',0000000022,'a very cheap chain hotel',3,'NOPIC','NOPIC','NOPIC','maybe the service here is better than other chains',4),(0000000086,'７天连锁酒店','120 Zhaojiabang Rd.',0000000022,'a very cheap hotel',3,'NOPIC','NOPIC','NOPIC','good enough, but a little bit noisy',5),(0000000087,'格林豪泰连锁酒店','100 Tianyaoqiao Rd.',0000000023,'a secret garden hidden inside of the downcity',3,'NOPIC','NOPIC','NOPIC','environment is not good',2),(0000000088,'君悦大酒店','648 Tianyaoqiao Rd.',0000000023,'a holy-expensive hotel, built in 2016, symbolize the life of the rich',5,'NOPIC','NOPIC','NOPIC','everything is perfect except the traffic',4),(0000000089,'速８连锁酒店','123 S. Wanping Rd.',0000000023,'a very cheap chain hotel',3,'NOPIC','NOPIC','NOPIC','maybe the service here is better than other chains',4),(0000000090,'７天连锁酒店','120 Zhaojiabang Rd.',0000000023,'a very cheap hotel',3,'NOPIC','NOPIC','NOPIC','good enough, but a little bit noisy',4),(0000000091,'速８连锁酒店','100 Tianyaoqiao Rd.',0000000024,'a secret garden hidden inside of the downcity',3,'NOPIC','NOPIC','NOPIC','environment is not good',2),(0000000092,'君悦大酒店','648 Tianyaoqiao Rd.',0000000024,'a holy-expensive hotel, built in 2016, symbolize the life of the rich',5,'NOPIC','NOPIC','NOPIC','everything is perfect except the traffic',4),(0000000093,'格林豪泰连锁酒店','123 S. Wanping Rd.',0000000024,'a very cheap chain hotel',3,'NOPIC','NOPIC','NOPIC','maybe the service here is better than other chains',4),(0000000094,'希尔顿酒店','120 Zhaojiabang Rd.',0000000024,'a very cheap hotel',3,'NOPIC','NOPIC','NOPIC','good enough, but a little bit noisy',4),(0000000095,'７天连锁酒店','100 Tianyaoqiao Rd.',0000000025,'a secret garden hidden inside of the downcity',3,'NOPIC','NOPIC','NOPIC','environment is not good',5),(0000000096,'希尔顿酒店','648 Tianyaoqiao Rd.',0000000025,'a holy-expensive hotel, built in 2016, symbolize the life of the rich',5,'NOPIC','NOPIC','NOPIC','everything is perfect except the traffic',4),(0000000097,'格林豪泰连锁酒店','123 S. Wanping Rd.',0000000025,'a very cheap chain hotel',3,'NOPIC','NOPIC','NOPIC','maybe the service here is better than other chains',4),(0000000098,'７天连锁酒店','120 Zhaojiabang Rd.',0000000025,'a very cheap hotel',3,'NOPIC','NOPIC','NOPIC','good enough, but a little bit noisy',4),(0000000099,'７天连锁酒店','100 Tianyaoqiao Rd.',0000000026,'a secret garden hidden inside of the downcity',3,'NOPIC','NOPIC','NOPIC','environment is not good',2),(0000000100,'君悦大酒店','648 Tianyaoqiao Rd.',0000000026,'a holy-expensive hotel, built in 2016, symbolize the life of the rich',5,'NOPIC','NOPIC','NOPIC','everything is perfect except the traffic',4),(0000000101,'速８连锁酒店','123 S. Wanping Rd.',0000000026,'a very cheap chain hotel',3,'NOPIC','NOPIC','NOPIC','maybe the service here is better than other chains',4),(0000000102,'希尔顿酒店','120 Zhaojiabang Rd.',0000000026,'a very cheap hotel',3,'NOPIC','NOPIC','NOPIC','good enough, but a little bit noisy',4),(0000000103,'７天连锁酒店','100 Tianyaoqiao Rd.',0000000027,'a secret garden hidden inside of the downcity',3,'NOPIC','NOPIC','NOPIC','environment is not good',3),(0000000104,'希尔顿酒店','648 Tianyaoqiao Rd.',0000000027,'a holy-expensive hotel, built in 2016, symbolize the life of the rich',5,'NOPIC','NOPIC','NOPIC','everything is perfect except the traffic',4),(0000000105,'格林豪泰连锁酒店','123 S. Wanping Rd.',0000000027,'a very cheap chain hotel',3,'NOPIC','NOPIC','NOPIC','maybe the service here is better than other chains',4),(0000000106,'７天连锁酒店','120 Zhaojiabang Rd.',0000000027,'a very cheap hotel',3,'NOPIC','NOPIC','NOPIC','good enough, but a little bit noisy',5),(0000000107,'速８连锁酒店','100 Tianyaoqiao Rd.',0000000028,'a secret garden hidden inside of the downcity',3,'NOPIC','NOPIC','NOPIC','environment is not good',5),(0000000108,'君悦大酒店','648 Tianyaoqiao Rd.',0000000028,'a holy-expensive hotel, built in 2016, symbolize the life of the rich',5,'NOPIC','NOPIC','NOPIC','everything is perfect except the traffic',4),(0000000109,'格林豪泰连锁酒店','123 S. Wanping Rd.',0000000028,'a very cheap chain hotel',3,'NOPIC','NOPIC','NOPIC','maybe the service here is better than other chains',3),(0000000110,'希尔顿酒店','120 Zhaojiabang Rd.',0000000028,'a very cheap hotel',3,'NOPIC','NOPIC','NOPIC','good enough, but a little bit noisy',3),(0000000111,'７天连锁酒店','100 Tianyaoqiao Rd.',0000000029,'a secret garden hidden inside of the downcity',3,'NOPIC','NOPIC','NOPIC','environment is not good',5),(0000000112,'希尔顿酒店','648 Tianyaoqiao Rd.',0000000029,'a holy-expensive hotel, built in 2016, symbolize the life of the rich',5,'NOPIC','NOPIC','NOPIC','everything is perfect except the traffic',4),(0000000113,'格林豪泰连锁酒店','123 S. Wanping Rd.',0000000029,'a very cheap chain hotel',3,'NOPIC','NOPIC','NOPIC','maybe the service here is better than other chains',4),(0000000114,'７天连锁酒店','120 Zhaojiabang Rd.',0000000029,'a very cheap hotel',3,'NOPIC','NOPIC','NOPIC','good enough, but a little bit noisy',4),(0000000115,'７天连锁酒店','100 Tianyaoqiao Rd.',0000000030,'a secret garden hidden inside of the downcity',3,'NOPIC','NOPIC','NOPIC','environment is not good',2),(0000000116,'君悦大酒店','648 Tianyaoqiao Rd.',0000000030,'a holy-expensive hotel, built in 2016, symbolize the life of the rich',5,'NOPIC','NOPIC','NOPIC','everything is perfect except the traffic',4),(0000000117,'速８连锁酒店','123 S. Wanping Rd.',0000000030,'a very cheap chain hotel',3,'NOPIC','NOPIC','NOPIC','maybe the service here is better than other chains',4),(0000000118,'希尔顿酒店','120 Zhaojiabang Rd.',0000000030,'a very cheap hotel',3,'NOPIC','NOPIC','NOPIC','good enough, but a little bit noisy',4),(0000000119,'７天连锁酒店','100 Tianyaoqiao Rd.',0000000031,'a secret garden hidden inside of the downcity',3,'NOPIC','NOPIC','NOPIC','environment is not good',2),(0000000120,'希尔顿酒店','648 Tianyaoqiao Rd.',0000000031,'a holy-expensive hotel, built in 2016, symbolize the life of the rich',5,'NOPIC','NOPIC','NOPIC','everything is perfect except the traffic',4),(0000000121,'格林豪泰连锁酒店','123 S. Wanping Rd.',0000000031,'a very cheap chain hotel',3,'NOPIC','NOPIC','NOPIC','maybe the service here is better than other chains',5),(0000000122,'７天连锁酒店','120 Zhaojiabang Rd.',0000000031,'a very cheap hotel',3,'NOPIC','NOPIC','NOPIC','good enough, but a little bit noisy',4),(0000000123,'７天连锁酒店','100 Tianyaoqiao Rd.',0000000032,'a secret garden hidden inside of the downcity',3,'NOPIC','NOPIC','NOPIC','environment is not good',5),(0000000124,'君悦大酒店','648 Tianyaoqiao Rd.',0000000032,'a holy-expensive hotel, built in 2016, symbolize the life of the rich',5,'NOPIC','NOPIC','NOPIC','everything is perfect except the traffic',4),(0000000125,'格林豪泰连锁酒店','123 S. Wanping Rd.',0000000032,'a very cheap chain hotel',3,'NOPIC','NOPIC','NOPIC','maybe the service here is better than other chains',4),(0000000126,'７天连锁酒店','120 Zhaojiabang Rd.',0000000032,'a very cheap hotel',3,'NOPIC','NOPIC','NOPIC','good enough, but a little bit noisy',4),(0000000127,'格林豪泰连锁酒店','100 Tianyaoqiao Rd.',0000000033,'a secret garden hidden inside of the downcity',3,'NOPIC','NOPIC','NOPIC','environment is not good',3),(0000000128,'君悦大酒店','648 Tianyaoqiao Rd.',0000000033,'a holy-expensive hotel, built in 2016, symbolize the life of the rich',5,'NOPIC','NOPIC','NOPIC','everything is perfect except the traffic',4),(0000000129,'速８连锁酒店','123 S. Wanping Rd.',0000000033,'a very cheap chain hotel',3,'NOPIC','NOPIC','NOPIC','maybe the service here is better than other chains',4),(0000000130,'７天连锁酒店','120 Zhaojiabang Rd.',0000000033,'a very cheap hotel',3,'NOPIC','NOPIC','NOPIC','good enough, but a little bit noisy',4),(0000000131,'速８连锁酒店','100 Tianyaoqiao Rd.',0000000034,'a secret garden hidden inside of the downcity',3,'NOPIC','NOPIC','NOPIC','environment is not good',2),(0000000132,'君悦大酒店','648 Tianyaoqiao Rd.',0000000034,'a holy-expensive hotel, built in 2016, symbolize the life of the rich',5,'NOPIC','NOPIC','NOPIC','everything is perfect except the traffic',4),(0000000133,'格林豪泰连锁酒店','123 S. Wanping Rd.',0000000034,'a very cheap chain hotel',3,'NOPIC','NOPIC','NOPIC','maybe the service here is better than other chains',4),(0000000134,'希尔顿酒店','120 Zhaojiabang Rd.',0000000034,'a very cheap hotel',3,'NOPIC','NOPIC','NOPIC','good enough, but a little bit noisy',5),(0000000135,'７天连锁酒店','100 Tianyaoqiao Rd.',0000000035,'a secret garden hidden inside of the downcity',3,'NOPIC','NOPIC','NOPIC','environment is not good',2),(0000000136,'希尔顿酒店','648 Tianyaoqiao Rd.',0000000035,'a holy-expensive hotel, built in 2016, symbolize the life of the rich',5,'NOPIC','NOPIC','NOPIC','everything is perfect except the traffic',4),(0000000137,'格林豪泰连锁酒店','123 S. Wanping Rd.',0000000035,'a very cheap chain hotel',3,'NOPIC','NOPIC','NOPIC','maybe the service here is better than other chains',4),(0000000138,'７天连锁酒店','120 Zhaojiabang Rd.',0000000035,'a very cheap hotel',3,'NOPIC','NOPIC','NOPIC','good enough, but a little bit noisy',3);
/*!40000 ALTER TABLE `hotel` ENABLE KEYS */;
UNLOCK TABLES;

--
-- Table structure for table `hotelpromotion`
--

DROP TABLE IF EXISTS `hotelpromotion`;
/*!40101 SET @saved_cs_client     = @@character_set_client */;
/*!40101 SET character_set_client = utf8 */;
CREATE TABLE `hotelpromotion` (
  `hotelPromotionID` int(10) unsigned zerofill NOT NULL AUTO_INCREMENT,
  `hotelID` int(10) unsigned zerofill NOT NULL,
  `name` varchar(50) DEFAULT NULL,
  `content` varchar(200) DEFAULT NULL,
  `startDate` date DEFAULT '2000-01-01',
  `endDate` date DEFAULT '2030-01-01',
  `minRankAvailable` int(11) DEFAULT '1',
  `maxRankAvailable` int(11) DEFAULT '10',
  PRIMARY KEY (`hotelPromotionID`),
  KEY `promotionOfHotelID_idx` (`hotelID`),
  CONSTRAINT `promotionOfHotelID` FOREIGN KEY (`hotelID`) REFERENCES `hotel` (`hotelID`) ON DELETE CASCADE ON UPDATE CASCADE
) ENGINE=InnoDB AUTO_INCREMENT=66 DEFAULT CHARSET=utf8;
/*!40101 SET character_set_client = @saved_cs_client */;

--
-- Dumping data for table `hotelpromotion`
--

LOCK TABLES `hotelpromotion` WRITE;
/*!40000 ALTER TABLE `hotelpromotion` DISABLE KEYS */;
INSERT INTO `hotelpromotion` VALUES (0000000001,0000000001,'All-year discount','20% percent off  from this year','2016-12-01','2017-12-31',1,10),(0000000002,0000000001,'double 11 special promotion','to attract more customers online, all breakfasts will be free if the promotion takes effect','2017-11-11','2017-11-20',1,10),(0000000003,0000000001,'first order','to attract more customers online, the first order would be 80% off!!!!','2015-01-01','2018-01-01',1,1),(0000000004,0000000002,'first order','to attract more customers online, the first order would be 70% off!!!!','2015-01-01','2018-01-01',1,1),(0000000005,0000000002,'first order','to show gratefulness for old customers(those vip rank is more than 5), the first 3 orders will be 50% off','2017-11-11','2018-01-01',6,10),(0000000006,0000000003,'All-year discount','20% percent off  from this year','2015-01-01','2017-12-31',1,10),(0000000007,0000000003,'double 11 special promotion','to attract more customers online, all breakfasts will be free if the promotion takes effect','2017-11-11','2017-11-20',1,10),(0000000008,0000000003,'first order','to attract more customers online, the first order would be 80% off!!!!','2016-11-11','2016-12-31',1,1),(0000000009,0000000004,'All-year discount','20% percent off  from this year','2016-12-01','2017-12-31',1,10),(0000000010,0000000004,'double 11 special promotion','to attract more customers online, all breakfasts will be free if the promotion takes effect','2017-11-11','2017-11-20',1,10),(0000000011,0000000005,'first order','to attract more customers online, the first order would be 80% off!!!!','2016-11-11','2016-12-31',1,1),(0000000012,0000000006,'All-year discount','20% percent off  from this year','2015-01-01','2017-12-31',1,10),(0000000013,0000000007,'double 11 special promotion','to attract more customers online, all breakfasts will be free if the promotion takes effect','2017-11-11','2017-11-20',1,10),(0000000014,0000000007,'first order','to attract more customers online, the first order would be 80% off!!!!','2016-11-11','2016-12-31',1,1),(0000000015,0000000009,'All-year discount','20% percent off  from this year','2016-12-01','2017-12-31',1,10),(0000000016,0000000009,'double 11 special promotion','to attract more customers online, all breakfasts will be free if the promotion takes effect','2017-11-11','2017-11-20',1,10),(0000000017,0000000010,'first order','to attract more customers online, the first order would be 80% off!!!!','2016-11-11','2016-12-31',1,1),(0000000018,0000000010,'All-year discount','20% percent off  from this year','2015-01-01','2017-12-31',1,10),(0000000019,0000000011,'double 11 special promotion','to attract more customers online, all breakfasts will be free if the promotion takes effect','2017-11-11','2017-11-20',1,10),(0000000020,0000000012,'first order','to attract more customers online, the first order would be 80% off!!!!','2016-11-11','2016-12-31',1,1),(0000000021,0000000015,'All-year discount','20% percent off  from this year','2015-01-01','2017-12-31',1,10),(0000000022,0000000017,'double 11 special promotion','to attract more customers online, all breakfasts will be free if the promotion takes effect','2017-11-11','2017-11-20',1,10),(0000000023,0000000018,'first order','to attract more customers online, the first order would be 80% off!!!!','2016-11-11','2016-12-31',1,1),(0000000024,0000000021,'All-year discount','20% percent off  from this year','2016-12-01','2017-12-31',1,10),(0000000025,0000000021,'double 11 special promotion','to attract more customers online, all breakfasts will be free if the promotion takes effect','2017-11-11','2017-11-20',1,10),(0000000026,0000000021,'first order','to attract more customers online, the first order would be 80% off!!!!','2016-11-11','2016-12-31',1,1),(0000000027,0000000022,'All-year discount','20% percent off  from this year','2016-12-01','2017-12-31',1,10),(0000000028,0000000023,'double 11 special promotion','to attract more customers online, all breakfasts will be free if the promotion takes effect','2017-11-11','2017-11-20',1,10),(0000000029,0000000023,'first order','to attract more customers online, the first order would be 80% off!!!!','2016-11-11','2016-12-31',1,1),(0000000030,0000000024,'All-year discount','20% percent off  from this year','2016-12-01','2017-12-31',1,10),(0000000031,0000000026,'double 11 special promotion','to attract more customers online, all breakfasts will be free if the promotion takes effect','2017-11-11','2017-11-20',1,10),(0000000032,0000000027,'first order','to attract more customers online, the first order would be 80% off!!!!','2016-11-11','2016-12-31',1,1),(0000000033,0000000027,'All-year discount','20% percent off  from this year','2016-12-01','2017-12-31',1,10),(0000000034,0000000029,'double 11 special promotion','to attract more customers online, all breakfasts will be free if the promotion takes effect','2017-11-11','2017-11-20',1,10),(0000000035,0000000030,'first order','to attract more customers online, the first order would be 80% off!!!!','2016-11-11','2016-12-31',1,1),(0000000036,0000000031,'All-year discount','20% percent off  from this year','2016-12-01','2017-12-31',1,10),(0000000037,0000000035,'double 11 special promotion','to attract more customers online, all breakfasts will be free if the promotion takes effect','2017-11-11','2017-11-20',1,10),(0000000038,0000000040,'first order','to attract more customers online, the first order would be 80% off!!!!','2016-11-11','2016-12-31',1,1),(0000000039,0000000041,'All-year discount','20% percent off  from this year','2016-12-01','2017-12-31',1,10),(0000000040,0000000041,'double 11 special promotion','to attract more customers online, all breakfasts will be free if the promotion takes effect','2017-11-11','2017-11-20',1,10),(0000000041,0000000043,'first order','to attract more customers online, the first order would be 80% off!!!!','2016-11-11','2016-12-31',1,1),(0000000042,0000000047,'All-year discount','20% percent off  from this year','2016-12-01','2017-12-31',1,10),(0000000043,0000000053,'double 11 special promotion','to attract more customers online, all breakfasts will be free if the promotion takes effect','2017-11-11','2017-11-20',1,10),(0000000044,0000000055,'first order','to attract more customers online, the first order would be 80% off!!!!','2016-11-11','2016-12-31',1,1),(0000000045,0000000057,'All-year discount','20% percent off  from this year','2016-12-01','2017-12-31',1,10),(0000000046,0000000057,'double 11 special promotion','to attract more customers online, all breakfasts will be free if the promotion takes effect','2017-11-11','2017-11-20',1,10),(0000000047,0000000058,'first order','to attract more customers online, the first order would be 80% off!!!!','2016-11-11','2016-12-31',1,1),(0000000048,0000000066,'All-year discount','20% percent off  from this year','2016-12-01','2017-12-31',1,10),(0000000049,0000000067,'double 11 special promotion','to attract more customers online, all breakfasts will be free if the promotion takes effect','2017-11-11','2017-11-20',1,10),(0000000050,0000000071,'first order','to attract more customers online, the first order would be 80% off!!!!','2016-11-11','2016-12-31',1,1),(0000000051,0000000073,'All-year discount','20% percent off  from this year','2016-12-01','2017-12-31',1,10),(0000000052,0000000089,'double 11 special promotion','to attract more customers online, all breakfasts will be free if the promotion takes effect','2017-11-11','2017-11-20',1,10),(0000000053,0000000089,'first order','to attract more customers online, the first order would be 80% off!!!!','2016-11-11','2016-12-31',1,1),(0000000054,0000000103,'All-year discount','20% percent off  from this year','2016-12-01','2017-12-31',1,10),(0000000055,0000000110,'double 11 special promotion','to attract more customers online, all breakfasts will be free if the promotion takes effect','2017-11-11','2017-11-20',1,10),(0000000056,0000000121,'first order','to attract more customers online, the first order would be 80% off!!!!','2016-11-11','2016-12-31',1,1),(0000000057,0000000125,'All-year discount','20% percent off  from this year','2016-12-01','2017-12-31',1,10),(0000000058,0000000125,'double 11 special promotion','to attract more customers online, all breakfasts will be free if the promotion takes effect','2017-11-11','2017-11-20',1,10),(0000000059,0000000125,'first order','to attract more customers online, the first order would be 80% off!!!!','2016-11-11','2016-12-31',1,1),(0000000060,0000000127,'All-year discount','20% percent off  from this year','2016-12-01','2017-12-31',1,10),(0000000061,0000000130,'double 11 special promotion','to attract more customers online, all breakfasts will be free if the promotion takes effect','2017-11-11','2017-11-20',1,10),(0000000062,0000000131,'first order','to attract more customers online, the first order would be 80% off!!!!','2016-11-11','2016-12-31',1,1),(0000000063,0000000131,'All-year discount','20% percent off  from this year','2016-12-01','2017-12-31',1,10),(0000000064,0000000138,'double 11 special promotion','to attract more customers online, all breakfasts will be free if the promotion takes effect','2017-11-11','2017-11-20',1,10),(0000000065,0000000138,'first order','to attract more customers online, the first order would be 80% off!!!!','2016-11-11','2016-12-31',1,1);
/*!40000 ALTER TABLE `hotelpromotion` ENABLE KEYS */;
UNLOCK TABLES;

--
-- Table structure for table `orderlist`
--

DROP TABLE IF EXISTS `orderlist`;
/*!40101 SET @saved_cs_client     = @@character_set_client */;
/*!40101 SET character_set_client = utf8 */;
CREATE TABLE `orderlist` (
  `orderID` int(10) unsigned zerofill NOT NULL AUTO_INCREMENT,
  `generateTime` timestamp NOT NULL DEFAULT CURRENT_TIMESTAMP ON UPDATE CURRENT_TIMESTAMP,
  `cancelTime` datetime DEFAULT NULL,
  `executeDDL` datetime DEFAULT NULL,
  `hotelID` int(10) unsigned zerofill NOT NULL,
  `orderState` tinyint(4) DEFAULT NULL,
  `checkinTime` datetime DEFAULT NULL,
  `checkoutTime` datetime DEFAULT NULL,
  `number` int(11) DEFAULT NULL,
  `hasChild` tinyint(4) DEFAULT NULL,
  `price` int(11) DEFAULT NULL,
  PRIMARY KEY (`orderID`),
  KEY `orderOfHotelID_idx` (`hotelID`),
  CONSTRAINT `orderOfHotelID` FOREIGN KEY (`hotelID`) REFERENCES `hotel` (`hotelID`) ON DELETE NO ACTION ON UPDATE CASCADE
) ENGINE=InnoDB DEFAULT CHARSET=utf8;
/*!40101 SET character_set_client = @saved_cs_client */;

--
-- Dumping data for table `orderlist`
--

LOCK TABLES `orderlist` WRITE;
/*!40000 ALTER TABLE `orderlist` DISABLE KEYS */;
/*!40000 ALTER TABLE `orderlist` ENABLE KEYS */;
UNLOCK TABLES;

--
-- Table structure for table `region`
--

DROP TABLE IF EXISTS `region`;
/*!40101 SET @saved_cs_client     = @@character_set_client */;
/*!40101 SET character_set_client = utf8 */;
CREATE TABLE `region` (
  `regionID` int(10) unsigned zerofill NOT NULL AUTO_INCREMENT,
  `province` varchar(30) DEFAULT NULL,
  `city` varchar(30) DEFAULT NULL,
  `regionName` varchar(30) DEFAULT NULL,
  PRIMARY KEY (`regionID`)
) ENGINE=InnoDB AUTO_INCREMENT=36 DEFAULT CHARSET=utf8;
/*!40101 SET character_set_client = @saved_cs_client */;

--
-- Dumping data for table `region`
--

LOCK TABLES `region` WRITE;
/*!40000 ALTER TABLE `region` DISABLE KEYS */;
INSERT INTO `region` VALUES (0000000001,'上海','上海','南京路'),(0000000002,'上海','上海','徐家汇'),(0000000003,'上海','上海','静安寺'),(0000000004,'上海','上海','淮海路'),(0000000005,'上海','上海','陆家嘴'),(0000000006,'浙江','杭州','武林'),(0000000007,'浙江','杭州','湖滨'),(0000000008,'浙江','杭州','钱江新城'),(0000000009,'浙江','杭州','城西'),(0000000010,'江苏','苏州','观前'),(0000000011,'江苏','苏州','石路'),(0000000012,'江苏','苏州','平江新城'),(0000000013,'江苏','苏州','吴中'),(0000000014,'江苏','南京','新街口'),(0000000015,'江苏','南京','湖南路'),(0000000016,'江苏','南京','夫子庙'),(0000000017,'江苏','南京','中央门'),(0000000018,'浙江','宁波','天一'),(0000000019,'浙江','宁波','城隍庙'),(0000000020,'浙江','宁波','鼓楼步行街'),(0000000021,'湖北','武汉','江汉路'),(0000000022,'湖北','武汉','中央文化区'),(0000000023,'湖北','武汉','武广'),(0000000024,'福建','厦门','中山路'),(0000000025,'湖南','长沙','五一'),(0000000026,'湖南','长沙','溁湾镇'),(0000000027,'广东','广州','天河中心'),(0000000028,'广东','广州','上下九'),(0000000029,'广东','广州','北京路'),(0000000030,'广东','深圳','华侨城'),(0000000031,'广东','深圳','东门'),(0000000032,'广东','深圳','南山'),(0000000033,'广东','深圳','龙岗'),(0000000034,'重庆','重庆','解放碑'),(0000000035,'重庆','重庆','沙坪坝');
/*!40000 ALTER TABLE `region` ENABLE KEYS */;
UNLOCK TABLES;

--
-- Table structure for table `roominfo`
--

DROP TABLE IF EXISTS `roominfo`;
/*!40101 SET @saved_cs_client     = @@character_set_client */;
/*!40101 SET character_set_client = utf8 */;
CREATE TABLE `roominfo` (
  `roomInfoID` int(10) unsigned zerofill NOT NULL AUTO_INCREMENT,
  `hotelID` int(10) unsigned zerofill NOT NULL,
  `roomID` varchar(10) DEFAULT NULL,
  `roomType` varchar(30) DEFAULT NULL,
  `roomPrice` int(11) DEFAULT NULL,
  `roomState` tinyint(4) DEFAULT NULL,
  `detailedInfo1` datetime DEFAULT NULL COMMENT '对于入住状态，包含入住时间\n对于退房状态，包含实际离开时间',
  `detailedInfo2` datetime DEFAULT NULL COMMENT '对于入住状态，包含预计离开时间\n对于退房状态，此项为空',
  PRIMARY KEY (`roomInfoID`),
  KEY `hotelID_idx` (`hotelID`),
  KEY `hotelID_idx2` (`hotelID`),
  CONSTRAINT `roomOfHotelID` FOREIGN KEY (`hotelID`) REFERENCES `hotel` (`hotelID`) ON DELETE CASCADE ON UPDATE CASCADE
) ENGINE=InnoDB DEFAULT CHARSET=utf8;
/*!40101 SET character_set_client = @saved_cs_client */;

--
-- Dumping data for table `roominfo`
--

LOCK TABLES `roominfo` WRITE;
/*!40000 ALTER TABLE `roominfo` DISABLE KEYS */;
/*!40000 ALTER TABLE `roominfo` ENABLE KEYS */;
UNLOCK TABLES;

--
-- Table structure for table `user`
--

DROP TABLE IF EXISTS `user`;
/*!40101 SET @saved_cs_client     = @@character_set_client */;
/*!40101 SET character_set_client = utf8 */;
CREATE TABLE `user` (
  `userID` varchar(10) DEFAULT NULL,
  `accountName` varchar(30) DEFAULT 'User',
  `password` varchar(30) DEFAULT NULL,
  `name` varchar(30) DEFAULT 'User',
  `contact` varchar(30) DEFAULT NULL,
  `portrait` varchar(50) DEFAULT NULL,
  `creditValue` bigint(20) DEFAULT NULL,
  `memberType` tinyint(4) DEFAULT NULL,
  `memberInfo` varchar(30) DEFAULT NULL,
  `rank` smallint(6) DEFAULT NULL,
  `hotelID` int(10) unsigned zerofill NOT NULL,
  `workID` varchar(30) DEFAULT NULL
) ENGINE=MyISAM DEFAULT CHARSET=utf8;
/*!40101 SET character_set_client = @saved_cs_client */;

--
-- Dumping data for table `user`
--

LOCK TABLES `user` WRITE;
/*!40000 ALTER TABLE `user` DISABLE KEYS */;
/*!40000 ALTER TABLE `user` ENABLE KEYS */;
UNLOCK TABLES;

--
-- Table structure for table `webpromotion`
--

DROP TABLE IF EXISTS `webpromotion`;
/*!40101 SET @saved_cs_client     = @@character_set_client */;
/*!40101 SET character_set_client = utf8 */;
CREATE TABLE `webpromotion` (
  `webPromotionID` int(10) unsigned zerofill NOT NULL AUTO_INCREMENT,
  `webPromotionType` tinyint(4) DEFAULT NULL,
  `name` varchar(50) DEFAULT NULL,
  `content` varchar(200) DEFAULT NULL,
  `startDate` date DEFAULT '2000-01-01',
  `endDate` date DEFAULT '2050-01-01',
  `minRankAvailable` int(11) DEFAULT '1',
  `maxRankAvailable` int(11) DEFAULT '10',
  `regionAvailableList` varchar(3003) DEFAULT '000',
  PRIMARY KEY (`webPromotionID`)
) ENGINE=MyISAM AUTO_INCREMENT=6 DEFAULT CHARSET=utf8;
/*!40101 SET character_set_client = @saved_cs_client */;

--
-- Dumping data for table `webpromotion`
--

LOCK TABLES `webpromotion` WRITE;
/*!40000 ALTER TABLE `webpromotion` DISABLE KEYS */;
INSERT INTO `webpromotion` VALUES (0000000001,0,'double 11 promotion','a holy discount, an average of 25% off, more benefits than you can imagine!','2017-11-11','2017-11-20',1,10,'035000001002003004005006007008009010011012013014015016017018019020021022023024025026027028029030031032033034'),(0000000002,0,'christmas promotion','time for black friday, an average of 15% off','2017-12-20','2017-12-31',1,10,'035000001002003004005006007008009010011012013014015016017018019020021022023024025026027028029030031032033034'),(0000000003,0,'seashore festive','splendid ceremonies at seaside towns','2016-11-11','2016-12-31',2,10,'010001003005007009010012014016018'),(0000000004,1,'promotion for all newly signed-up friends','first charge, buy one get one free for all products','2016-12-01','2018-01-01',1,1,'035000001002003004005006007008009010011012013014015016017018019020021022023024025026027028029030031032033034'),(0000000005,1,'promotion for all newly signed-up friends','20% off for seashore festive','2016-12-01','2018-01-01',1,1,'010001003005007009010012014016018');
/*!40000 ALTER TABLE `webpromotion` ENABLE KEYS */;
UNLOCK TABLES;
/*!40103 SET TIME_ZONE=@OLD_TIME_ZONE */;

/*!40101 SET SQL_MODE=@OLD_SQL_MODE */;
/*!40014 SET FOREIGN_KEY_CHECKS=@OLD_FOREIGN_KEY_CHECKS */;
/*!40014 SET UNIQUE_CHECKS=@OLD_UNIQUE_CHECKS */;
/*!40101 SET CHARACTER_SET_CLIENT=@OLD_CHARACTER_SET_CLIENT */;
/*!40101 SET CHARACTER_SET_RESULTS=@OLD_CHARACTER_SET_RESULTS */;
/*!40101 SET COLLATION_CONNECTION=@OLD_COLLATION_CONNECTION */;
/*!40111 SET SQL_NOTES=@OLD_SQL_NOTES */;

-- Dump completed on 2016-12-01 20:58:48
